"","V1","V2"
"1","P_0","P_20"
"2","P_0","SA_16"
"3","P_0","SG_36"
"4","P_1","P_40"
"5","P_1","SA_2"
"6","P_1","SA_12"
"7","P_1","SA_46"
"8","P_2","P_32"
"9","P_2","SA_3"
"10","P_2","SA_40"
"11","P_3","SA_9"
"12","P_4","P_11"
"13","P_4","P_38"
"14","P_4","SA_16"
"15","P_4","SG_36"
"16","P_5","SA_3"
"17","P_5","SA_6"
"18","P_5","SA_35"
"19","P_6","P_38"
"20","P_6","SA_6"
"21","P_6","SA_9"
"22","P_7","P_38"
"23","P_7","SA_15"
"24","P_7","SG_36"
"25","P_8","P_49"
"26","P_8","SA_33"
"27","P_8","SA_39"
"28","P_8","SA_42"
"29","P_9","P_13"
"30","P_9","P_16"
"31","P_9","SG_19"
"32","P_10","P_40"
"33","P_10","SA_6"
"34","P_10","SA_16"
"35","P_10","SA_17"
"36","P_11","P_28"
"37","P_11","P_38"
"38","P_11","SA_15"
"39","P_11","SA_31"
"40","P_11","SA_35"
"41","P_12","P_24"
"42","P_12","P_38"
"43","P_12","SA_46"
"44","P_12","SG_28"
"45","P_12","SG_36"
"46","P_13","P_29"
"47","P_13","P_39"
"48","P_13","P_46"
"49","P_13","P_48"
"50","P_13","SA_0"
"51","P_13","SA_3"
"52","P_13","SG_5"
"53","P_13","SG_36"
"54","P_14","SA_3"
"55","P_14","SA_31"
"56","P_15","SA_2"
"57","P_15","SA_29"
"58","P_15","SG_36"
"59","P_16","P_23"
"60","P_16","P_36"
"61","P_16","P_38"
"62","P_16","SA_3"
"63","P_16","SG_23"
"64","P_17","SA_4"
"65","P_17","SA_9"
"66","P_17","SA_15"
"67","P_17","SA_16"
"68","P_17","SG_36"
"69","P_18","SA_6"
"70","P_18","SA_9"
"71","P_18","SA_35"
"72","P_18","SA_39"
"73","P_19","SA_6"
"74","P_20","SA_16"
"75","P_20","SA_38"
"76","P_21","P_35"
"77","P_21","P_38"
"78","P_21","SG_49"
"79","P_22","SA_6"
"80","P_23","P_42"
"81","P_23","SA_34"
"82","P_23","SA_35"
"83","P_24","P_38"
"84","P_24","SA_6"
"85","P_24","SA_7"
"86","P_24","SA_47"
"87","P_24","SG_29"
"88","P_24","I_31"
"89","P_25","SA_11"
"90","P_25","SA_22"
"91","P_25","SA_35"
"92","P_26","SA_5"
"93","P_26","SA_15"
"94","P_26","SA_29"
"95","P_27","P_40"
"96","P_27","P_49"
"97","P_27","SA_3"
"98","P_28","SA_5"
"99","P_28","SA_6"
"100","P_28","SA_45"
"101","P_28","SG_36"
"102","P_29","P_38"
"103","P_30","SA_6"
"104","P_31","SA_35"
"105","P_31","SA_39"
"106","P_32","P_38"
"107","P_32","P_40"
"108","P_32","SA_3"
"109","P_32","SA_11"
"110","P_33","SA_9"
"111","P_33","SA_48"
"112","P_34","P_46"
"113","P_34","SA_3"
"114","P_34","SG_33"
"115","P_35","P_48"
"116","P_35","SG_33"
"117","P_35","SG_36"
"118","P_36","SA_39"
"119","P_36","SG_36"
"120","P_37","SA_14"
"121","P_37","SG_36"
"122","P_38","P_39"
"123","P_38","P_42"
"124","P_38","P_43"
"125","P_38","P_46"
"126","P_38","P_48"
"127","P_38","SA_6"
"128","P_38","SA_39"
"129","P_38","SG_36"
"130","P_38","I_5"
"131","P_39","SG_36"
"132","P_39","SG_49"
"133","P_40","P_49"
"134","P_40","SA_19"
"135","P_40","SA_38"
"136","P_40","SG_33"
"137","P_40","SG_37"
"138","P_41","SA_14"
"139","P_41","SA_23"
"140","P_41","SA_28"
"141","P_41","SA_46"
"142","P_41","SG_29"
"143","P_41","SG_36"
"144","P_41","SG_49"
"145","P_42","SA_7"
"146","P_42","SA_39"
"147","P_43","SA_15"
"148","P_43","SA_35"
"149","P_44","P_45"
"150","P_44","P_48"
"151","P_44","SA_3"
"152","P_44","SA_19"
"153","P_44","SA_39"
"154","P_44","SG_5"
"155","P_44","SG_21"
"156","P_45","SA_3"
"157","P_45","SA_15"
"158","P_45","SA_29"
"159","P_46","SA_29"
"160","P_47","SA_29"
"161","P_47","SA_35"
"162","P_47","SG_4"
"163","P_47","SG_5"
"164","P_47","SG_49"
"165","P_48","SA_35"
"166","P_48","SG_36"
"167","P_49","SA_31"
"168","P_49","SG_5"
"169","SA_0","SA_1"
"170","SA_0","SA_16"
"171","SA_0","SA_20"
"172","SA_0","SA_22"
"173","SA_0","SA_23"
"174","SA_0","SA_32"
"175","SA_0","F_5"
"176","SA_0","F_38"
"177","SA_1","SA_16"
"178","SA_1","SA_19"
"179","SA_1","SA_39"
"180","SA_1","SA_48"
"181","SA_1","F_12"
"182","SA_1","F_25"
"183","SA_1","I_18"
"184","SA_2","SA_3"
"185","SA_2","SA_4"
"186","SA_2","SA_15"
"187","SA_2","SA_35"
"188","SA_2","SA_39"
"189","SA_2","SA_41"
"190","SA_2","SA_42"
"191","SA_2","F_4"
"192","SA_2","I_39"
"193","SA_3","SA_4"
"194","SA_3","SA_11"
"195","SA_3","SA_15"
"196","SA_3","SA_16"
"197","SA_3","SA_17"
"198","SA_3","SA_23"
"199","SA_3","SA_28"
"200","SA_3","SA_29"
"201","SA_3","SA_38"
"202","SA_3","SA_39"
"203","SA_3","SA_43"
"204","SA_3","SA_44"
"205","SA_3","SA_48"
"206","SA_3","SA_49"
"207","SA_3","F_0"
"208","SA_3","F_13"
"209","SA_3","F_18"
"210","SA_3","F_37"
"211","SA_3","F_38"
"212","SA_3","F_42"
"213","SA_3","F_44"
"214","SA_3","I_6"
"215","SA_3","I_31"
"216","SA_3","I_42"
"217","SA_4","SA_5"
"218","SA_4","SA_16"
"219","SA_4","SA_29"
"220","SA_4","SA_38"
"221","SA_4","SA_39"
"222","SA_4","F_8"
"223","SA_4","F_43"
"224","SA_4","I_22"
"225","SA_5","SA_13"
"226","SA_5","SA_14"
"227","SA_5","SA_18"
"228","SA_5","SA_26"
"229","SA_5","SA_31"
"230","SA_5","SA_39"
"231","SA_5","SA_45"
"232","SA_5","SA_46"
"233","SA_5","F_6"
"234","SA_5","F_10"
"235","SA_5","F_13"
"236","SA_5","F_27"
"237","SA_5","I_46"
"238","SA_6","SA_8"
"239","SA_6","SA_14"
"240","SA_6","SA_18"
"241","SA_6","SA_20"
"242","SA_6","SA_27"
"243","SA_6","SA_28"
"244","SA_6","SA_37"
"245","SA_6","SA_39"
"246","SA_6","SA_45"
"247","SA_6","F_6"
"248","SA_6","F_7"
"249","SA_6","F_16"
"250","SA_6","F_22"
"251","SA_6","F_23"
"252","SA_6","F_27"
"253","SA_6","F_33"
"254","SA_6","F_45"
"255","SA_6","F_47"
"256","SA_6","I_30"
"257","SA_6","I_34"
"258","SA_6","I_47"
"259","SA_7","SA_9"
"260","SA_7","SA_16"
"261","SA_7","SA_38"
"262","SA_7","SA_42"
"263","SA_7","F_12"
"264","SA_8","SA_18"
"265","SA_8","SA_30"
"266","SA_8","SA_39"
"267","SA_8","SA_45"
"268","SA_8","F_43"
"269","SA_9","SA_10"
"270","SA_9","SA_11"
"271","SA_9","SA_15"
"272","SA_9","SA_29"
"273","SA_9","SA_31"
"274","SA_9","SA_34"
"275","SA_9","SA_36"
"276","SA_9","SA_37"
"277","SA_9","SA_39"
"278","SA_9","F_15"
"279","SA_9","F_23"
"280","SA_9","F_29"
"281","SA_9","F_35"
"282","SA_9","I_16"
"283","SA_9","I_24"
"284","SA_10","SA_14"
"285","SA_10","SA_18"
"286","SA_10","SA_39"
"287","SA_10","SA_43"
"288","SA_10","F_8"
"289","SA_10","F_9"
"290","SA_10","F_13"
"291","SA_11","SA_20"
"292","SA_11","SA_21"
"293","SA_11","SA_25"
"294","SA_11","SA_29"
"295","SA_11","SA_35"
"296","SA_11","SA_39"
"297","SA_11","SA_40"
"298","SA_11","SA_45"
"299","SA_11","SA_46"
"300","SA_11","F_14"
"301","SA_11","F_21"
"302","SA_11","F_23"
"303","SA_11","F_42"
"304","SA_12","SA_18"
"305","SA_12","SA_25"
"306","SA_12","SA_26"
"307","SA_12","SA_33"
"308","SA_12","SA_39"
"309","SA_12","SA_41"
"310","SA_12","SA_43"
"311","SA_12","F_15"
"312","SA_12","F_42"
"313","SA_12","F_46"
"314","SA_12","I_14"
"315","SA_12","I_39"
"316","SA_12","I_48"
"317","SA_13","SA_16"
"318","SA_13","SA_43"
"319","SA_13","SA_45"
"320","SA_13","I_44"
"321","SA_13","I_47"
"322","SA_14","SA_18"
"323","SA_14","SA_19"
"324","SA_14","SA_38"
"325","SA_14","SA_39"
"326","SA_14","F_10"
"327","SA_14","F_41"
"328","SA_14","I_17"
"329","SA_15","SA_21"
"330","SA_15","SA_24"
"331","SA_15","SA_41"
"332","SA_15","SA_42"
"333","SA_15","SA_48"
"334","SA_15","F_0"
"335","SA_15","F_7"
"336","SA_15","F_11"
"337","SA_15","F_17"
"338","SA_15","F_18"
"339","SA_15","F_25"
"340","SA_15","F_41"
"341","SA_15","F_43"
"342","SA_15","F_46"
"343","SA_15","F_48"
"344","SA_16","SA_18"
"345","SA_16","SA_27"
"346","SA_16","SA_39"
"347","SA_16","SA_41"
"348","SA_16","SA_42"
"349","SA_16","SA_43"
"350","SA_16","SA_45"
"351","SA_16","SA_46"
"352","SA_16","SA_47"
"353","SA_16","SA_49"
"354","SA_16","F_1"
"355","SA_16","F_2"
"356","SA_16","F_6"
"357","SA_16","F_20"
"358","SA_16","F_26"
"359","SA_16","F_27"
"360","SA_16","F_32"
"361","SA_16","F_47"
"362","SA_17","SA_18"
"363","SA_17","SA_33"
"364","SA_17","SA_35"
"365","SA_17","SA_38"
"366","SA_17","SA_42"
"367","SA_17","SA_45"
"368","SA_17","F_46"
"369","SA_17","I_45"
"370","SA_18","SA_20"
"371","SA_18","SA_22"
"372","SA_18","SA_30"
"373","SA_18","SA_31"
"374","SA_18","SA_34"
"375","SA_18","SA_37"
"376","SA_18","SA_39"
"377","SA_18","F_2"
"378","SA_18","F_4"
"379","SA_18","F_5"
"380","SA_18","F_16"
"381","SA_19","SA_23"
"382","SA_19","SA_34"
"383","SA_19","SA_39"
"384","SA_19","SA_49"
"385","SA_19","F_5"
"386","SA_19","F_8"
"387","SA_19","F_17"
"388","SA_19","F_28"
"389","SA_19","F_31"
"390","SA_19","F_32"
"391","SA_19","F_39"
"392","SA_19","I_11"
"393","SA_19","I_12"
"394","SA_19","I_28"
"395","SA_20","SA_22"
"396","SA_20","SA_31"
"397","SA_20","SA_34"
"398","SA_20","SA_48"
"399","SA_20","I_36"
"400","SA_21","SA_35"
"401","SA_21","SA_39"
"402","SA_22","SA_25"
"403","SA_22","SA_31"
"404","SA_22","SA_39"
"405","SA_22","SA_47"
"406","SA_22","SA_48"
"407","SA_22","F_8"
"408","SA_22","F_14"
"409","SA_22","F_17"
"410","SA_22","F_26"
"411","SA_23","SA_26"
"412","SA_23","SA_31"
"413","SA_23","SA_32"
"414","SA_23","SA_39"
"415","SA_23","F_34"
"416","SA_23","I_11"
"417","SA_24","SA_39"
"418","SA_24","SA_44"
"419","SA_24","F_49"
"420","SA_24","I_8"
"421","SA_24","I_13"
"422","SA_25","SA_32"
"423","SA_25","SA_39"
"424","SA_25","I_23"
"425","SA_26","SA_32"
"426","SA_27","SA_39"
"427","SA_27","I_4"
"428","SA_27","I_9"
"429","SA_27","I_26"
"430","SA_27","I_44"
"431","SA_28","SA_29"
"432","SA_28","SA_39"
"433","SA_28","F_13"
"434","SA_28","F_21"
"435","SA_28","I_35"
"436","SA_29","SA_33"
"437","SA_29","SA_39"
"438","SA_29","SA_45"
"439","SA_29","F_2"
"440","SA_29","F_23"
"441","SA_29","I_7"
"442","SA_29","I_8"
"443","SA_29","I_16"
"444","SA_30","SA_39"
"445","SA_30","F_40"
"446","SA_30","I_29"
"447","SA_31","SA_48"
"448","SA_31","SA_49"
"449","SA_31","F_4"
"450","SA_31","F_5"
"451","SA_31","F_26"
"452","SA_31","F_40"
"453","SA_31","F_41"
"454","SA_31","I_37"
"455","SA_32","SA_39"
"456","SA_32","SA_45"
"457","SA_32","F_42"
"458","SA_33","SA_39"
"459","SA_33","SA_49"
"460","SA_33","F_8"
"461","SA_33","F_16"
"462","SA_33","F_43"
"463","SA_33","I_1"
"464","SA_33","I_25"
"465","SA_33","I_37"
"466","SA_34","SA_38"
"467","SA_34","SA_39"
"468","SA_34","F_30"
"469","SA_35","SA_37"
"470","SA_35","SA_38"
"471","SA_35","SA_43"
"472","SA_35","SA_46"
"473","SA_35","F_4"
"474","SA_35","F_19"
"475","SA_35","F_22"
"476","SA_35","F_37"
"477","SA_35","F_45"
"478","SA_35","I_38"
"479","SA_35","I_44"
"480","SA_36","SA_37"
"481","SA_36","SA_39"
"482","SA_36","F_3"
"483","SA_36","F_38"
"484","SA_38","SA_47"
"485","SA_38","SA_48"
"486","SA_38","F_10"
"487","SA_38","F_28"
"488","SA_38","F_29"
"489","SA_38","F_30"
"490","SA_38","F_49"
"491","SA_38","I_0"
"492","SA_38","I_3"
"493","SA_38","I_20"
"494","SA_38","I_40"
"495","SA_38","I_41"
"496","SA_39","SA_40"
"497","SA_39","SA_43"
"498","SA_39","SA_44"
"499","SA_39","SA_46"
"500","SA_39","SA_48"
"501","SA_39","SA_49"
"502","SA_39","F_1"
"503","SA_39","F_3"
"504","SA_39","F_4"
"505","SA_39","F_9"
"506","SA_39","F_13"
"507","SA_39","F_18"
"508","SA_39","F_24"
"509","SA_39","F_28"
"510","SA_39","F_31"
"511","SA_39","F_36"
"512","SA_39","F_38"
"513","SA_39","F_44"
"514","SA_39","I_10"
"515","SA_39","I_21"
"516","SA_39","I_29"
"517","SA_39","I_32"
"518","SA_40","SA_45"
"519","SA_40","F_3"
"520","SA_40","F_25"
"521","SA_41","SA_48"
"522","SA_42","SA_43"
"523","SA_42","SA_45"
"524","SA_42","F_31"
"525","SA_42","F_35"
"526","SA_42","F_47"
"527","SA_43","SA_48"
"528","SA_43","F_11"
"529","SA_43","F_45"
"530","SA_43","I_33"
"531","SA_44","F_3"
"532","SA_44","I_15"
"533","SA_45","SA_47"
"534","SA_45","SA_49"
"535","SA_45","F_6"
"536","SA_45","F_12"
"537","SA_45","F_17"
"538","SA_45","F_25"
"539","SA_45","F_27"
"540","SA_45","F_45"
"541","SA_45","I_2"
"542","SA_45","I_5"
"543","SA_45","I_49"
"544","SA_46","I_19"
"545","SA_48","F_12"
"546","SA_48","F_30"
"547","SA_48","F_34"
"548","SA_48","F_36"
"549","SA_48","I_26"
"550","SA_48","I_32"
"551","SA_48","I_48"
"552","SA_49","F_6"
"553","SA_49","F_25"
"554","SA_49","F_31"
"555","SA_49","I_8"
"556","SG_0","SG_9"
"557","SG_0","SG_26"
"558","SG_0","SG_32"
"559","SG_0","SG_47"
"560","SG_1","SG_19"
"561","SG_1","SG_29"
"562","SG_1","SG_32"
"563","SG_1","SG_40"
"564","SG_2","SG_17"
"565","SG_2","SG_20"
"566","SG_2","SG_21"
"567","SG_2","SG_32"
"568","SG_2","SG_47"
"569","SG_3","SG_32"
"570","SG_3","SG_36"
"571","SG_4","SG_7"
"572","SG_4","SG_15"
"573","SG_4","SG_35"
"574","SG_4","SG_47"
"575","SG_5","SG_18"
"576","SG_5","SG_36"
"577","SG_5","SG_47"
"578","SG_5","SG_48"
"579","SG_6","SG_20"
"580","SG_6","SG_32"
"581","SG_6","SG_36"
"582","SG_6","SG_41"
"583","SG_7","SG_32"
"584","SG_7","SG_47"
"585","SG_7","SG_49"
"586","SG_8","SG_11"
"587","SG_8","SG_14"
"588","SG_8","SG_23"
"589","SG_8","SG_32"
"590","SG_8","SG_36"
"591","SG_8","SG_37"
"592","SG_8","SG_38"
"593","SG_8","SG_47"
"594","SG_9","SG_11"
"595","SG_9","SG_14"
"596","SG_9","SG_26"
"597","SG_9","SG_39"
"598","SG_10","SG_36"
"599","SG_10","SG_47"
"600","SG_11","SG_24"
"601","SG_11","SG_32"
"602","SG_11","SG_36"
"603","SG_12","SG_20"
"604","SG_12","SG_23"
"605","SG_12","SG_36"
"606","SG_12","SG_39"
"607","SG_13","SG_32"
"608","SG_13","SG_37"
"609","SG_13","SG_49"
"610","SG_14","SG_24"
"611","SG_14","SG_29"
"612","SG_14","SG_36"
"613","SG_14","SG_41"
"614","SG_14","SG_47"
"615","SG_15","SG_18"
"616","SG_15","SG_24"
"617","SG_15","SG_32"
"618","SG_15","SG_36"
"619","SG_15","SG_46"
"620","SG_15","SG_47"
"621","SG_16","SG_36"
"622","SG_16","SG_40"
"623","SG_16","SG_47"
"624","SG_17","SG_20"
"625","SG_17","SG_44"
"626","SG_18","SG_30"
"627","SG_18","SG_36"
"628","SG_18","SG_44"
"629","SG_18","SG_47"
"630","SG_19","SG_20"
"631","SG_19","SG_21"
"632","SG_19","SG_32"
"633","SG_20","SG_21"
"634","SG_20","SG_29"
"635","SG_20","SG_30"
"636","SG_20","SG_35"
"637","SG_20","SG_37"
"638","SG_20","SG_38"
"639","SG_20","SG_42"
"640","SG_20","SG_47"
"641","SG_21","SG_25"
"642","SG_21","SG_27"
"643","SG_21","SG_32"
"644","SG_21","SG_35"
"645","SG_21","SG_36"
"646","SG_21","SG_39"
"647","SG_21","SG_43"
"648","SG_21","SG_45"
"649","SG_21","SG_47"
"650","SG_22","SG_32"
"651","SG_22","SG_36"
"652","SG_22","SG_46"
"653","SG_23","SG_26"
"654","SG_23","SG_36"
"655","SG_25","SG_35"
"656","SG_25","SG_47"
"657","SG_26","SG_47"
"658","SG_27","SG_28"
"659","SG_27","SG_32"
"660","SG_27","SG_36"
"661","SG_28","SG_32"
"662","SG_28","SG_34"
"663","SG_28","SG_40"
"664","SG_28","SG_47"
"665","SG_30","SG_36"
"666","SG_30","SG_47"
"667","SG_30","SG_49"
"668","SG_31","SG_33"
"669","SG_31","SG_36"
"670","SG_31","SG_49"
"671","SG_32","SG_33"
"672","SG_32","SG_36"
"673","SG_32","SG_41"
"674","SG_32","SG_42"
"675","SG_32","SG_43"
"676","SG_32","SG_47"
"677","SG_32","SG_49"
"678","SG_33","SG_34"
"679","SG_33","SG_36"
"680","SG_33","SG_43"
"681","SG_33","I_38"
"682","SG_34","SG_36"
"683","SG_34","SG_47"
"684","SG_36","SG_37"
"685","SG_36","SG_41"
"686","SG_36","SG_42"
"687","SG_36","SG_44"
"688","SG_36","SG_45"
"689","SG_36","SG_48"
"690","SG_36","SG_49"
"691","SG_37","SG_49"
"692","SG_39","SG_47"
"693","SG_40","SG_47"
"694","SG_42","SG_45"
"695","SG_43","SG_47"
"696","SG_44","SG_46"
"697","SG_44","SG_49"
"698","SG_45","SG_47"
"699","SG_46","SG_49"
"700","SG_48","SG_49"
